city_name,avg_temperature,avg_wind_speed,records
Patagonia,8.96429075591985,3.9479405737704902,8784
Riohacha,28.084031193078353,4.253423269581064,8784
